-- Exam
INSERT INTO public.exam_exam (id, title, description, created_at, updated_at, disabled) VALUES (1, 'Examen de ingreso', 'Examen por defecto', '2019-05-08 21:42:36.153370', '2019-05-08 21:42:36.153400', false);

-- Extra
INSERT INTO public.exam_extra (id, title, text, image, created_at, updated_at, disabled) VALUES (1, 'Texto', '<p>No sólo padecemos crisis económicas y políticas, o de valores éticos, también nuestro mundo está azotado por otras crisis más sutiles, pero no menos inquietantes, como aquella que se refiere a nuestro mundo imaginativo. Es la imaginación una facultad decisiva en la vida humana.</p>
<p>Clásicamente nos hemos autodefinido los humanos como animales racionales. Pero, además de muchas otras cosas, concernientes a nuestra capacidad técnica o a la dirección de nuestra vida como un proyecto personal, somos animales fantásticos o imaginativos. Productores de un mundo que sobreponemos al empíricamente dado, y ensimismados, como decía Ortega, en el goce y la contemplación de este mundo interior. El análisis del mundo imaginario de una cultura nos abre perspectivas decisivas para su comprensión y valoración. Y semejante facultad tan hondamente humana es una de las víctimas maltratadas por nuestro tiempo. Un indicador más de la pobreza humana de nuestra actual civilización. No sólo de un empobrecimiento, sino de su deslizamiento hacia la degradación. </p>
<p>¿Qué nos ofrece el horizonte imaginativo ante el cual se sitúan la mayoría de los seres humanos de nuestra época? Contemplemos la pantalla que se ha convertido en la leche nutritiva de nuestra puerilizada imaginación. Pronto se llena de borbotones de sangre y de explosiones, de disparos, de coches que se persiguen y saltan por los aires. De rostros de asesinos en serie y de policías que los persiguen. Apenas quedan ya rastros de la novela policíaca cuyo nudo era un misterio capaz de poner en marcha nuestras dotes adivinatorias. Otras veces el papel del perverso se materializa en terroristas del Tercer Mundo, en espías y agentes revolucionarios, combatidos por los muchachos de la CIA y el FBI. Y no olvidemos la imagen de la  asesina, morbosamente repetida por la programación patriarcal. Todo ello combinado con el espectáculo de catástrofes naturales.</p>
<p>Pero, cuando la fantasía productiva aspira a llevarnos más allá, nos invita a regresar al mundo de los dinosaurios. Y, más frecuentemente, pretende estremecernos con terrores ante invasiones extraterrestres. O hacernos vivir luchas en el espacio entre civilizaciones que tratan de destruirse. El signo de la oposición entre amigo y enemigo, tan útil para domesticar las conciencias y asentar el poder establecido, salta a la representación de las humanidades habitantes de planetas lejanos. ¿Por qué no hemos de imaginarlos poblados por seres sabios y benéficos que nos aportan las fórmulas para poner orden justo en nuestro desbaratado mundo? Sólo el popular ET encarnó un extraterrestre bondadoso y lleno de ternura. Habitualmente son otras las figuras que desfilan en este espectáculo. En muy señalado lugar robots dotados de los máximos poderes, a veces simpáticos y serviciales con su amable voz mecánica. Otras desplegados en inmensos ejércitos de una guerra que combina rayos láser y espadas medievales. Recordemos a Winer, cuando criticaba la figura del ciudadano que traslada sus decisiones a la máquina. En esta ocasión traslada a la técnica una fantasía de la cual han huido los viejos ángeles y demonios, los faunos, las sirenas y los centauros, para desembarcar sobre una degradada, grotesca, visión de la técnica. Y, cuando se quiere imaginar los pobladores vivos, no mecánicos, de estos mundos aparecen con frecuencia figuras monstruosas.</p>
<p>La incapacidad para crear anatomías originales y bellas allende la experiencia, se refugia en la deformación. Y el culto al monstruo llena una parte importante del actual mundo imaginario, en extraño contraste con la proliferación de industrias de la belleza y gimnasios que nos prometen una hermosa figura. Llega a los mismos juguetes con los que se solazan nuestros niños. Una amiga me contaba el asombro que le producía la ternura con que una niña de corta edad acariciaba el monstruito de plástico que llevaba en brazos. ¿Por qué nos hemos hundido en esta miseria imaginativa? Es, sin duda, muy coherente con el reinado del “pensamiento único”, negador de todo esfuerzo que trate de trascender lo inmediato y abrir nuevos horizontes. En todo caso, aquí se descubre una amplia problemática e invito al lector a que me acompañe en nuevas reflexiones.</p>
<p>Carlos París</p>', '', '2019-05-08 21:47:32.875808', '2019-05-08 21:47:32.875862', false);

-- Subject
INSERT INTO public.exam_subject (id, title, created_at, updated_at, disabled, exam_id) VALUES (2, 'Razonamiento matemático', '2019-05-08 21:42:36.196836', '2019-05-08 21:46:15.206529', false, 1);
INSERT INTO public.exam_subject (id, title, created_at, updated_at, disabled, exam_id) VALUES (1, 'Razonamiento verbal', '2019-05-08 21:42:36.172429', '2019-05-08 21:47:50.825488', false, 1);

-- Sections
INSERT INTO public.exam_section (id, title, instructions, created_at, updated_at, disabled, extra_id, subject_id) VALUES (2, 'Oraciones incompletas', 'Seleccione el par de palabras que complementen los espacios en blanco de la oración.', '2019-05-08 21:43:49.325272', '2019-05-08 21:43:49.325303', false, null, 1);
INSERT INTO public.exam_section (id, title, instructions, created_at, updated_at, disabled, extra_id, subject_id) VALUES (3, 'Sinonimia', 'Selecciona sólo una palabra de significado similar a la escrita con mayúsculas.', '2019-05-08 21:43:49.347704', '2019-05-08 21:43:49.347738', false, null, 1);
INSERT INTO public.exam_section (id, title, instructions, created_at, updated_at, disabled, extra_id, subject_id) VALUES (4, 'Antonimia', 'Selecciona una palabra de significado opuesto a la escrita con mayúsculas.', '2019-05-08 21:43:49.368580', '2019-05-08 21:43:49.368615', false, null, 1);
INSERT INTO public.exam_section (id, title, instructions, created_at, updated_at, disabled, extra_id, subject_id) VALUES (5, 'Regla de tres', 'Selecciona la respuesta correcta.', '2019-05-08 21:46:15.224939', '2019-05-08 21:46:15.225012', false, null, 2);
INSERT INTO public.exam_section (id, title, instructions, created_at, updated_at, disabled, extra_id, subject_id) VALUES (6, 'Series', 'Selecciona la respuesta correcta.', '2019-05-08 21:46:15.239552', '2019-05-08 21:46:15.239580', false, null, 2);
INSERT INTO public.exam_section (id, title, instructions, created_at, updated_at, disabled, extra_id, subject_id) VALUES (7, 'Álgebra', 'Selecciona la respuesta correcta.', '2019-05-08 21:46:15.255912', '2019-05-08 21:46:15.255946', false, null, 2);
INSERT INTO public.exam_section (id, title, instructions, created_at, updated_at, disabled, extra_id, subject_id) VALUES (8, 'Aritmética', 'Selecciona la respuesta correcta.', '2019-05-08 21:46:15.271847', '2019-05-08 21:46:15.271880', false, null, 2);
INSERT INTO public.exam_section (id, title, instructions, created_at, updated_at, disabled, extra_id, subject_id) VALUES (9, 'Razones y proporciones', 'Selecciona la respuesta correcta.', '2019-05-08 21:46:15.291282', '2019-05-08 21:46:15.291329', false, null, 2);
INSERT INTO public.exam_section (id, title, instructions, created_at, updated_at, disabled, extra_id, subject_id) VALUES (1, 'Área de Comprensión de Textos', 'Realiza la siguiente lectura y selecciona la respuesta adecuada a las preguntas que se plantean.', '2019-05-08 21:43:49.300369', '2019-05-08 21:47:50.841518', false, 1, 1);

-- Questions
INSERT INTO public.exam_question (id, text, image, created_at, updated_at, disabled, section_id) VALUES (1, 'La opción que mejor describe el propósito del texto es:', '', '2019-05-09 22:06:36.270684', '2019-05-09 22:06:36.270718', false, 1);
INSERT INTO public.exam_question (id, text, image, created_at, updated_at, disabled, section_id) VALUES (2, 'La frase que muestra la idea principal del texto es:', '', '2019-05-09 22:07:12.790476', '2019-05-09 22:07:12.790509', false, 1);
INSERT INTO public.exam_question (id, text, image, created_at, updated_at, disabled, section_id) VALUES (3, 'De acuerdo al autor, la “miseria imaginativa”, se refiere a:', '', '2019-05-09 22:07:48.477947', '2019-05-09 22:07:48.477987', false, 1);
INSERT INTO public.exam_question (id, text, image, created_at, updated_at, disabled, section_id) VALUES (4, 'De acuerdo al autor, la frase “En los momentos de crisis, sólo la imaginación es más importante que el conocimiento”, quiere decir:', '', '2019-05-09 22:08:27.512533', '2019-05-09 22:08:27.512574', false, 1);
INSERT INTO public.exam_question (id, text, image, created_at, updated_at, disabled, section_id) VALUES (5, 'Ordena las frases para formar el orden de la secuencia de ideas que llevó la lectura:<br>
<ol>
<li>Debemos reflexionar sobre el evitar el pensamiento único y volver a retomar personajes y mundos más originales.
<li>La imaginación se ha perdido entre otras cosas por lo que nos muestra la televisión y el cine.
<li>Tenemos diferentes tipos de crisis, una de ellas y no menos importante es la crisis del mundo de la imaginación.
<li>La crisis viene por ser animales racionales pero también imaginativos y ensimismados en nuestro mundo interior.
</ol>', '', '2019-05-09 22:10:04.214335', '2019-05-09 22:10:04.214367', false, 1);
INSERT INTO public.exam_question (id, text, image, created_at, updated_at, disabled, section_id) VALUES (6, 'El ______________________ llega a quienes están dispuestos a ___________________ un poco más ________________ que el resto.', '', '2019-05-09 22:12:55.300726', '2019-05-09 22:12:55.300756', false, 2);
INSERT INTO public.exam_question (id, text, image, created_at, updated_at, disabled, section_id) VALUES (7, 'La realidad se impone ______________ la fantasía, ____________ la realidad el camino_______________________discurren nuestras vidas.', '', '2019-05-09 22:13:34.814119', '2019-05-09 22:13:34.814148', false, 2);
INSERT INTO public.exam_question (id, text, image, created_at, updated_at, disabled, section_id) VALUES (8, 'El mérito del _____________ consiste en ubicar el máximo de _____________ en el  mínimo de _____________.  (A.Vaselovski)', '', '2019-05-09 22:14:10.716974', '2019-05-09 22:14:10.717004', false, 2);
INSERT INTO public.exam_question (id, text, image, created_at, updated_at, disabled, section_id) VALUES (9, 'Las ________________ no se dicen, se _________________, porque al hacerlas se    dicen_______________ (Woody Allen).', '', '2019-05-09 22:15:10.484472', '2019-05-09 22:15:10.484506', false, 2);
INSERT INTO public.exam_question (id, text, image, created_at, updated_at, disabled, section_id) VALUES (10, 'SUCUMBIR', '', '2019-05-09 22:17:01.591953', '2019-05-09 22:17:01.591995', false, 3);
INSERT INTO public.exam_question (id, text, image, created_at, updated_at, disabled, section_id) VALUES (11, 'FOMENTAR', '', '2019-05-09 22:28:23.282027', '2019-05-09 22:28:23.282058', false, 3);
INSERT INTO public.exam_question (id, text, image, created_at, updated_at, disabled, section_id) VALUES (12, 'EXHORTAR', '', '2019-05-09 22:29:23.153243', '2019-05-09 22:29:23.153273', false, 3);
INSERT INTO public.exam_question (id, text, image, created_at, updated_at, disabled, section_id) VALUES (13, 'CONFINAR', '', '2019-05-09 22:32:30.487690', '2019-05-09 22:32:30.487721', false, 3);
INSERT INTO public.exam_question (id, text, image, created_at, updated_at, disabled, section_id) VALUES (14, 'ADVERTIR', '', '2019-05-09 22:39:03.217432', '2019-05-09 22:39:03.217466', false, 3);
INSERT INTO public.exam_question (id, text, image, created_at, updated_at, disabled, section_id) VALUES (15, 'OBLIGATORIO', '', '2019-05-09 22:41:03.073172', '2019-05-09 22:41:03.073242', false, 4);
INSERT INTO public.exam_question (id, text, image, created_at, updated_at, disabled, section_id) VALUES (16, 'CONSUMAR', '', '2019-05-09 22:41:51.761331', '2019-05-09 22:41:51.761384', false, 4);
INSERT INTO public.exam_question (id, text, image, created_at, updated_at, disabled, section_id) VALUES (17, 'DESATINO', '', '2019-05-09 22:44:26.282078', '2019-05-09 22:44:26.282114', false, 4);
INSERT INTO public.exam_question (id, text, image, created_at, updated_at, disabled, section_id) VALUES (18, 'INTIMIDAR', '', '2019-05-09 22:45:14.781181', '2019-05-09 22:45:14.781212', false, 4);
INSERT INTO public.exam_question (id, text, image, created_at, updated_at, disabled, section_id) VALUES (19, 'RUDIMENTARIO', '', '2019-05-10 20:08:58.124639', '2019-05-10 20:08:58.124685', false, 4);
INSERT INTO public.exam_question (id, text, image, created_at, updated_at, disabled, section_id) VALUES (20, 'FORTUITO', '', '2019-05-10 20:10:02.417652', '2019-05-10 20:10:24.698582', false, 4);
INSERT INTO public.exam_question (id, text, image, created_at, updated_at, disabled, section_id) VALUES (22, 'Si en un grupo deportivo de mil integrantes, tenemos el 16% en la sección de tenis, 34% en natación, 20% en fútbol y el resto de integrantes se encuentran en vólibol. ¿Cuántos jóvenes participan en natación?', '', '2019-05-10 20:19:09.394886', '2019-05-10 20:19:09.394923', false, 5);
INSERT INTO public.exam_question (id, text, image, created_at, updated_at, disabled, section_id) VALUES (23, 'El área del marco de un cuadro, es la tercera parte del total del cuadro. ¿Qué área corresponde a la pintura del cuadro?', '', '2019-05-10 20:20:50.821652', '2019-05-10 20:20:50.821695', false, 5);
INSERT INTO public.exam_question (id, text, image, created_at, updated_at, disabled, section_id) VALUES (24, '11 obreros labran un campo rectangular de 220 m de largo y 48 de ancho en 6 días. ¿Cuántos obreros serán necesarios para labrar otro campo similar, de 300 m de largo por 56 m de ancho en cinco días?', '', '2019-05-10 20:21:31.405344', '2019-05-10 20:21:31.405381', false, 5);
INSERT INTO public.exam_question (id, text, image, created_at, updated_at, disabled, section_id) VALUES (25, 'Señala cuál número continua en la serie: 1, 4, 7, 10…', '', '2019-05-10 20:22:14.393210', '2019-05-10 20:22:14.393267', false, 6);
INSERT INTO public.exam_question (id, text, image, created_at, updated_at, disabled, section_id) VALUES (26, 'Determine el número que da continuidad a la serie: 30, 25, 20, 15…', '', '2019-05-10 20:22:52.878272', '2019-05-10 20:22:52.878309', false, 6);
INSERT INTO public.exam_question (id, text, image, created_at, updated_at, disabled, section_id) VALUES (27, 'Calcular el décimo término de la serie: 3, 7, 11…', '', '2019-05-10 20:23:27.572445', '2019-05-10 20:23:27.572484', false, 6);
INSERT INTO public.exam_question (id, text, image, created_at, updated_at, disabled, section_id) VALUES (28, 'Estime la suma de la serie hasta el décimo término para: 3, 7, 11…', '', '2019-05-10 20:23:56.506302', '2019-05-10 20:23:56.506340', false, 6);
INSERT INTO public.exam_question (id, text, image, created_at, updated_at, disabled, section_id) VALUES (40, 'Si 3 entradas de cine cuestan 21 euros, ¿cuánto costarán 5 entradas iguales?', '', '2019-05-13 16:10:01.523865', '2019-05-13 16:10:01.523896', false, 9);
INSERT INTO public.exam_question (id, text, image, created_at, updated_at, disabled, section_id) VALUES (30, 'Factorizar $m2+12m+36$', '', '2019-05-10 20:30:48.439293', '2019-05-13 16:17:21.514095', false, 7);
INSERT INTO public.exam_question (id, text, image, created_at, updated_at, disabled, section_id) VALUES (21, 'Un teléfono móvil presenta un descuento del 12%. Si el precio a pagar sin descuento es de $12,000.00. ¿Cuánto va a pagar por el teléfono al momento de aplicar su descuento en caja?', '', '2019-05-10 20:16:30.504787', '2019-05-13 18:55:01.030079', false, 5);
INSERT INTO public.exam_question (id, text, image, created_at, updated_at, disabled, section_id) VALUES (29, 'Si $ab+ac-20 = 280$, entonces $a$ es:', '', '2019-05-10 20:24:53.394155', '2019-05-10 20:29:07.048059', false, 7);
INSERT INTO public.exam_question (id, text, image, created_at, updated_at, disabled, section_id) VALUES (31, 'Calcular la longitud de cada lado de un triángulo equilátero. Si cada lado es igual a $2x$ y su perímetro es igual a 60 cm.', '', '2019-05-13 15:54:12.562445', '2019-05-13 15:56:25.642552', false, 7);
INSERT INTO public.exam_question (id, text, image, created_at, updated_at, disabled, section_id) VALUES (32, 'Determinar los valores de $x$ y  $y$, para el sistema lineal con dos variables:<br>
$7x-5y=9\\
8x+11y=144$<br>', '', '2019-05-13 16:02:08.236166', '2019-05-13 16:03:03.765040', false, 8);
INSERT INTO public.exam_question (id, text, image, created_at, updated_at, disabled, section_id) VALUES (33, 'Por inspección determine el mínimo común múltiplo de 7, 14, 21', '', '2019-05-13 16:03:51.660519', '2019-05-13 16:03:51.660554', false, 8);
INSERT INTO public.exam_question (id, text, image, created_at, updated_at, disabled, section_id) VALUES (34, '¿Cuál de los siguientes números es divisible entre 5 y 10?', '', '2019-05-13 16:05:01.897337', '2019-05-13 16:05:01.897369', false, 8);
INSERT INTO public.exam_question (id, text, image, created_at, updated_at, disabled, section_id) VALUES (35, '¿Cuál es el resultado de elevar 13.9 al cubo?', '', '2019-05-13 16:05:43.958889', '2019-05-13 16:05:43.958921', false, 8);
INSERT INTO public.exam_question (id, text, image, created_at, updated_at, disabled, section_id) VALUES (36, 'Obtener el valor numérico de la siguiente expresión matemática:<br>
$[ (10+4) \div 2] + [ (50-4) \div 2 ] = $', '', '2019-05-13 16:07:09.052840', '2019-05-13 16:07:09.052872', false, 8);
INSERT INTO public.exam_question (id, text, image, created_at, updated_at, disabled, section_id) VALUES (37, 'La edad de 2 personas están en la relación de 5 a 9 y la suma de ellas es 84. Hallar las edades', '', '2019-05-13 16:08:04.210574', '2019-05-13 16:08:04.210604', false, 9);
INSERT INTO public.exam_question (id, text, image, created_at, updated_at, disabled, section_id) VALUES (38, '¿Cuál es la relación entre los discos de Juan y Jaime si tienen 35 y 30 respectivamente?', '', '2019-05-13 16:08:40.863050', '2019-05-13 16:08:40.863080', false, 9);
INSERT INTO public.exam_question (id, text, image, created_at, updated_at, disabled, section_id) VALUES (39, 'En una receta de cocina, se incluyen 3 huevos por 20 personas, si en la receta se prepara para 20 personas. ¿Cuántos huevos serán necesarios a utilizar?', '', '2019-05-13 16:09:25.840014', '2019-05-13 16:09:25.840211', false, 9);

-- Answers
INSERT INTO public.exam_answer (id, text, image, is_correct, created_at, updated_at, disabled, question_id) VALUES (1, 'Desarrollo de la imaginación en el ser humano', '', false, '2019-05-09 22:06:36.288540', '2019-05-09 22:06:36.288570', false, 1);
INSERT INTO public.exam_answer (id, text, image, is_correct, created_at, updated_at, disabled, question_id) VALUES (2, 'El arte y la imaginación', '', false, '2019-05-09 22:06:36.312328', '2019-05-09 22:06:36.312359', false, 1);
INSERT INTO public.exam_answer (id, text, image, is_correct, created_at, updated_at, disabled, question_id) VALUES (3, 'Fomentar la imaginación', '', false, '2019-05-09 22:06:36.334058', '2019-05-09 22:06:36.334087', false, 1);
INSERT INTO public.exam_answer (id, text, image, is_correct, created_at, updated_at, disabled, question_id) VALUES (4, 'La crisis de la imaginación', '', true, '2019-05-09 22:06:36.358239', '2019-05-09 22:06:36.358271', false, 1);
INSERT INTO public.exam_answer (id, text, image, is_correct, created_at, updated_at, disabled, question_id) VALUES (5, 'Clásicamente nos hemos definido como animales racionales, pero como decía Ortega, el problema no sólo es el empobrecimiento sino la degradación. Cuando la fantasía aspira a llevarnos más lejos aparece el signo de la oposición entre amigo y enemigo y nos traslada hacia una técnica fantástica pero deformada. La solución será el pensamiento único.', '', false, '2019-05-09 22:07:12.808757', '2019-05-09 22:07:12.808789', false, 2);
INSERT INTO public.exam_answer (id, text, image, is_correct, created_at, updated_at, disabled, question_id) VALUES (6, 'Atendiendo a la capacidad imaginativa, podemos afirmar que el cine es el principal promotor, existen diversos tipos de películas, sangrientas, de asesinos, de extraterrestres, de dinosaurios, de desastres naturales, pero todas nos quitan el tiempo, sería mejor regresar a las costumbres de antes cuando los niños jugaban tiernamente con sus juguetes de plástico.', '', false, '2019-05-09 22:07:12.825923', '2019-05-09 22:07:12.825952', false, 2);
INSERT INTO public.exam_answer (id, text, image, is_correct, created_at, updated_at, disabled, question_id) VALUES (7, 'Somos seres con imaginación, pero ésta vive una crisis, una muestra es la limitada capacidad imaginativa del cine que se proyecta en la actualidad, por lo que debemos cuestionarnos el cómo llegamos a esta situación, tal vez se explique debido al reinado del pensamiento único.', '', true, '2019-05-09 22:07:12.844637', '2019-05-09 22:07:12.844669', false, 2);
INSERT INTO public.exam_answer (id, text, image, is_correct, created_at, updated_at, disabled, question_id) VALUES (8, 'Las crisis que actualmente padecemos son difíciles, podemos identificar a las crisis económicas y a las políticas, pero también a las sutiles y a las menos inquietantes. Entre estas últimas podemos encontrar a la crisis del cine que ha ocasionado que nuestra imaginación se compare morbosamente con una lesbiana de forma repetida por la programación patriarcal. En todo caso, se descubre una gran polémica.', '', false, '2019-05-09 22:07:12.864124', '2019-05-09 22:07:12.864160', false, 2);
INSERT INTO public.exam_answer (id, text, image, is_correct, created_at, updated_at, disabled, question_id) VALUES (9, 'Un conjunto de personas que viven en malas condiciones económicas', '', false, '2019-05-09 22:07:48.494883', '2019-05-09 22:07:48.494917', false, 3);
INSERT INTO public.exam_answer (id, text, image, is_correct, created_at, updated_at, disabled, question_id) VALUES (10, 'La mala administración del cine para crear mejores y más interesantes películas', '', false, '2019-05-09 22:07:48.515211', '2019-05-09 22:07:48.515255', false, 3);
INSERT INTO public.exam_answer (id, text, image, is_correct, created_at, updated_at, disabled, question_id) VALUES (11, 'Una actitud de auto-sabotaje que le permite a una persona incrementar su habilidad académica.', '', false, '2019-05-09 22:07:48.541944', '2019-05-09 22:07:48.541991', false, 3);
INSERT INTO public.exam_answer (id, text, image, is_correct, created_at, updated_at, disabled, question_id) VALUES (12, 'El producto de la crisis de la imaginación que vive el ser humano en la actual civilización.', '', true, '2019-05-09 22:07:48.566159', '2019-05-09 22:07:48.566206', false, 3);
INSERT INTO public.exam_answer (id, text, image, is_correct, created_at, updated_at, disabled, question_id) VALUES (13, 'La imaginación puede prescindir del conocimiento para resolver un conflicto en tiempos de austeridad.', '', true, '2019-05-09 22:08:27.531264', '2019-05-09 22:08:27.531296', false, 4);
INSERT INTO public.exam_answer (id, text, image, is_correct, created_at, updated_at, disabled, question_id) VALUES (14, 'Una determinada necesidad obliga al ser humano a superar su conocimiento actual para abrir paso a otros que resuelvan o satisfagan dicha necesidad.', '', false, '2019-05-09 22:08:27.548080', '2019-05-09 22:08:27.548115', false, 4);
INSERT INTO public.exam_answer (id, text, image, is_correct, created_at, updated_at, disabled, question_id) VALUES (15, 'La habilidad imaginativa no se desarrolla con mayor facilidad en momentos críticos porque en situación de estrés no se pueden tomar buenas decisiones.', '', false, '2019-05-09 22:08:27.567925', '2019-05-09 22:08:27.567953', false, 4);
INSERT INTO public.exam_answer (id, text, image, is_correct, created_at, updated_at, disabled, question_id) VALUES (16, 'El conocimiento y la imaginación son procesos que no poseen relación alguna.', '', false, '2019-05-09 22:08:27.586305', '2019-05-09 22:08:27.586337', false, 4);
INSERT INTO public.exam_answer (id, text, image, is_correct, created_at, updated_at, disabled, question_id) VALUES (17, '1, 2, 3, 4', '', false, '2019-05-09 22:10:04.232791', '2019-05-09 22:10:04.232881', false, 5);
INSERT INTO public.exam_answer (id, text, image, is_correct, created_at, updated_at, disabled, question_id) VALUES (18, '3, 2, 4, 1', '', true, '2019-05-09 22:10:04.248835', '2019-05-09 22:10:04.248864', false, 5);
INSERT INTO public.exam_answer (id, text, image, is_correct, created_at, updated_at, disabled, question_id) VALUES (19, '3, 1,4, 2', '', false, '2019-05-09 22:10:04.268401', '2019-05-09 22:10:04.268431', false, 5);
INSERT INTO public.exam_answer (id, text, image, is_correct, created_at, updated_at, disabled, question_id) VALUES (20, '4, 1, 2, 3', '', false, '2019-05-09 22:10:04.286139', '2019-05-09 22:10:04.286170', false, 5);
INSERT INTO public.exam_answer (id, text, image, is_correct, created_at, updated_at, disabled, question_id) VALUES (21, 'amor – pagar - caro', '', false, '2019-05-09 22:12:55.318225', '2019-05-09 22:12:55.318255', false, 6);
INSERT INTO public.exam_answer (id, text, image, is_correct, created_at, updated_at, disabled, question_id) VALUES (22, 'éxito – trabajar - duro', '', true, '2019-05-09 22:12:55.336807', '2019-05-09 22:12:55.336837', false, 6);
INSERT INTO public.exam_answer (id, text, image, is_correct, created_at, updated_at, disabled, question_id) VALUES (23, 'odio – vengarse - difícil', '', false, '2019-05-09 22:12:55.354504', '2019-05-09 22:12:55.354534', false, 6);
INSERT INTO public.exam_answer (id, text, image, is_correct, created_at, updated_at, disabled, question_id) VALUES (24, 'argumento – hablar - raro', '', false, '2019-05-09 22:12:55.370663', '2019-05-09 22:12:55.370696', false, 6);
INSERT INTO public.exam_answer (id, text, image, is_correct, created_at, updated_at, disabled, question_id) VALUES (25, 'idea – público - a quien', '', false, '2019-05-09 22:12:55.392081', '2019-05-09 22:12:55.392110', false, 6);
INSERT INTO public.exam_answer (id, text, image, is_correct, created_at, updated_at, disabled, question_id) VALUES (26, 'en – buscando - cuando', '', false, '2019-05-09 22:13:34.831301', '2019-05-09 22:13:34.831354', false, 7);
INSERT INTO public.exam_answer (id, text, image, is_correct, created_at, updated_at, disabled, question_id) VALUES (27, 'por – ordenado - para el que', '', false, '2019-05-09 22:13:34.847666', '2019-05-09 22:13:34.847696', false, 7);
INSERT INTO public.exam_answer (id, text, image, is_correct, created_at, updated_at, disabled, question_id) VALUES (28, 'desde – construyendo - al que', '', false, '2019-05-09 22:13:34.865046', '2019-05-09 22:13:34.865079', false, 7);
INSERT INTO public.exam_answer (id, text, image, is_correct, created_at, updated_at, disabled, question_id) VALUES (29, 'con – asumiendo - con que', '', false, '2019-05-09 22:13:34.880132', '2019-05-09 22:13:34.880164', false, 7);
INSERT INTO public.exam_answer (id, text, image, is_correct, created_at, updated_at, disabled, question_id) VALUES (30, 'a – siendo - donde', '', true, '2019-05-09 22:13:34.895672', '2019-05-09 22:13:34.895701', false, 7);
INSERT INTO public.exam_answer (id, text, image, is_correct, created_at, updated_at, disabled, question_id) VALUES (31, 'ingenio – artificios - prototipos', '', false, '2019-05-09 22:14:10.735064', '2019-05-09 22:14:10.735094', false, 8);
INSERT INTO public.exam_answer (id, text, image, is_correct, created_at, updated_at, disabled, question_id) VALUES (32, 'artista - sus obras - espacio', '', false, '2019-05-09 22:14:10.751161', '2019-05-09 22:14:10.751191', false, 8);
INSERT INTO public.exam_answer (id, text, image, is_correct, created_at, updated_at, disabled, question_id) VALUES (33, 'estilo – pensamiento - palabras', '', true, '2019-05-09 22:14:10.766686', '2019-05-09 22:14:10.766716', false, 8);
INSERT INTO public.exam_answer (id, text, image, is_correct, created_at, updated_at, disabled, question_id) VALUES (34, 'examen – incógnitas - problemas', '', false, '2019-05-09 22:14:10.784191', '2019-05-09 22:14:10.784245', false, 8);
INSERT INTO public.exam_answer (id, text, image, is_correct, created_at, updated_at, disabled, question_id) VALUES (35, 'hombre – posibilidades - aventuras', '', false, '2019-05-09 22:14:10.803293', '2019-05-09 22:14:10.803338', false, 8);
INSERT INTO public.exam_answer (id, text, image, is_correct, created_at, updated_at, disabled, question_id) VALUES (36, 'palabras – escuchan - propias', '', false, '2019-05-09 22:15:10.501579', '2019-05-09 22:15:10.501612', false, 9);
INSERT INTO public.exam_answer (id, text, image, is_correct, created_at, updated_at, disabled, question_id) VALUES (37, 'cosas – hacen - solas', '', true, '2019-05-09 22:15:10.521048', '2019-05-09 22:15:10.521078', false, 9);
INSERT INTO public.exam_answer (id, text, image, is_correct, created_at, updated_at, disabled, question_id) VALUES (38, 'mentiras – guardan - evidentes', '', false, '2019-05-09 22:15:10.537379', '2019-05-09 22:15:10.537412', false, 9);
INSERT INTO public.exam_answer (id, text, image, is_correct, created_at, updated_at, disabled, question_id) VALUES (39, 'infidelidades – ocultan - las verdades', '', false, '2019-05-09 22:15:10.553425', '2019-05-09 22:15:10.553456', false, 9);
INSERT INTO public.exam_answer (id, text, image, is_correct, created_at, updated_at, disabled, question_id) VALUES (40, 'acciones – ejecutan - verdaderas', '', false, '2019-05-09 22:15:10.570745', '2019-05-09 22:15:10.570778', false, 9);
INSERT INTO public.exam_answer (id, text, image, is_correct, created_at, updated_at, disabled, question_id) VALUES (41, 'Huir', '', false, '2019-05-09 22:17:01.610771', '2019-05-09 22:17:01.610809', false, 10);
INSERT INTO public.exam_answer (id, text, image, is_correct, created_at, updated_at, disabled, question_id) VALUES (42, 'Rendir', '', true, '2019-05-09 22:17:01.630781', '2019-05-09 22:17:01.630817', false, 10);
INSERT INTO public.exam_answer (id, text, image, is_correct, created_at, updated_at, disabled, question_id) VALUES (43, 'Declamar', '', false, '2019-05-09 22:17:01.651352', '2019-05-09 22:17:01.651390', false, 10);
INSERT INTO public.exam_answer (id, text, image, is_correct, created_at, updated_at, disabled, question_id) VALUES (44, 'Aplaudir', '', false, '2019-05-09 22:17:01.670976', '2019-05-09 22:17:01.671065', false, 10);
INSERT INTO public.exam_answer (id, text, image, is_correct, created_at, updated_at, disabled, question_id) VALUES (45, 'Cerrar', '', false, '2019-05-09 22:17:01.692021', '2019-05-09 22:17:01.692058', false, 10);
INSERT INTO public.exam_answer (id, text, image, is_correct, created_at, updated_at, disabled, question_id) VALUES (46, 'Luchar', '', false, '2019-05-09 22:28:23.298964', '2019-05-09 22:28:23.299002', false, 11);
INSERT INTO public.exam_answer (id, text, image, is_correct, created_at, updated_at, disabled, question_id) VALUES (47, 'Imitar', '', false, '2019-05-09 22:28:23.314839', '2019-05-09 22:28:23.314869', false, 11);
INSERT INTO public.exam_answer (id, text, image, is_correct, created_at, updated_at, disabled, question_id) VALUES (48, 'Crear', '', false, '2019-05-09 22:28:23.333011', '2019-05-09 22:28:23.333042', false, 11);
INSERT INTO public.exam_answer (id, text, image, is_correct, created_at, updated_at, disabled, question_id) VALUES (49, 'Aligerar', '', false, '2019-05-09 22:28:23.349866', '2019-05-09 22:28:23.349896', false, 11);
INSERT INTO public.exam_answer (id, text, image, is_correct, created_at, updated_at, disabled, question_id) VALUES (50, 'Favorecer', '', true, '2019-05-09 22:28:23.367993', '2019-05-09 22:28:23.368030', false, 11);
INSERT INTO public.exam_answer (id, text, image, is_correct, created_at, updated_at, disabled, question_id) VALUES (51, 'Incitar', '', true, '2019-05-09 22:29:23.169417', '2019-05-09 22:29:23.169445', false, 12);
INSERT INTO public.exam_answer (id, text, image, is_correct, created_at, updated_at, disabled, question_id) VALUES (52, 'Cerrar', '', false, '2019-05-09 22:29:23.187975', '2019-05-09 22:29:23.188004', false, 12);
INSERT INTO public.exam_answer (id, text, image, is_correct, created_at, updated_at, disabled, question_id) VALUES (53, 'Expulsar', '', false, '2019-05-09 22:29:23.207225', '2019-05-09 22:29:23.207254', false, 12);
INSERT INTO public.exam_answer (id, text, image, is_correct, created_at, updated_at, disabled, question_id) VALUES (54, 'Aguantar', '', false, '2019-05-09 22:29:23.228430', '2019-05-09 22:29:23.228461', false, 12);
INSERT INTO public.exam_answer (id, text, image, is_correct, created_at, updated_at, disabled, question_id) VALUES (55, 'Enfrentar', '', false, '2019-05-09 22:29:23.262387', '2019-05-09 22:29:23.262467', false, 12);
INSERT INTO public.exam_answer (id, text, image, is_correct, created_at, updated_at, disabled, question_id) VALUES (56, 'Aislar', '', false, '2019-05-09 22:32:30.502214', '2019-05-09 22:32:30.502243', false, 13);
INSERT INTO public.exam_answer (id, text, image, is_correct, created_at, updated_at, disabled, question_id) VALUES (57, 'Terminar', '', false, '2019-05-09 22:32:30.517985', '2019-05-09 22:32:30.518014', false, 13);
INSERT INTO public.exam_answer (id, text, image, is_correct, created_at, updated_at, disabled, question_id) VALUES (58, 'Limitar', '', false, '2019-05-09 22:32:30.534801', '2019-05-09 22:32:30.534836', false, 13);
INSERT INTO public.exam_answer (id, text, image, is_correct, created_at, updated_at, disabled, question_id) VALUES (59, 'Lindar', '', false, '2019-05-09 22:32:30.551509', '2019-05-09 22:32:30.551543', false, 13);
INSERT INTO public.exam_answer (id, text, image, is_correct, created_at, updated_at, disabled, question_id) VALUES (60, 'Recluir', '', true, '2019-05-09 22:32:30.568618', '2019-05-09 22:32:30.568651', false, 13);
INSERT INTO public.exam_answer (id, text, image, is_correct, created_at, updated_at, disabled, question_id) VALUES (61, 'prevenir', '', true, '2019-05-09 22:39:03.238578', '2019-05-09 22:39:03.238607', false, 14);
INSERT INTO public.exam_answer (id, text, image, is_correct, created_at, updated_at, disabled, question_id) VALUES (62, 'anhelar', '', false, '2019-05-09 22:39:03.253933', '2019-05-09 22:39:03.253968', false, 14);
INSERT INTO public.exam_answer (id, text, image, is_correct, created_at, updated_at, disabled, question_id) VALUES (63, 'asfixiar', '', false, '2019-05-09 22:39:03.271759', '2019-05-09 22:39:03.271789', false, 14);
INSERT INTO public.exam_answer (id, text, image, is_correct, created_at, updated_at, disabled, question_id) VALUES (64, 'motivar', '', false, '2019-05-09 22:39:03.289042', '2019-05-09 22:39:03.289073', false, 14);
INSERT INTO public.exam_answer (id, text, image, is_correct, created_at, updated_at, disabled, question_id) VALUES (65, 'Evitable', '', true, '2019-05-09 22:41:03.091690', '2019-05-09 22:41:03.091751', false, 15);
INSERT INTO public.exam_answer (id, text, image, is_correct, created_at, updated_at, disabled, question_id) VALUES (66, 'Facultativo', '', false, '2019-05-09 22:41:03.114500', '2019-05-09 22:41:03.114530', false, 15);
INSERT INTO public.exam_answer (id, text, image, is_correct, created_at, updated_at, disabled, question_id) VALUES (67, 'Forzado', '', false, '2019-05-09 22:41:03.167156', '2019-05-09 22:41:03.167208', false, 15);
INSERT INTO public.exam_answer (id, text, image, is_correct, created_at, updated_at, disabled, question_id) VALUES (68, 'Casual', '', false, '2019-05-09 22:41:03.213168', '2019-05-09 22:41:03.213211', false, 15);
INSERT INTO public.exam_answer (id, text, image, is_correct, created_at, updated_at, disabled, question_id) VALUES (69, 'Imperativo', '', false, '2019-05-09 22:41:03.238011', '2019-05-09 22:41:03.238044', false, 15);
INSERT INTO public.exam_answer (id, text, image, is_correct, created_at, updated_at, disabled, question_id) VALUES (70, 'Empinar', '', false, '2019-05-09 22:41:51.779053', '2019-05-09 22:41:51.779086', false, 16);
INSERT INTO public.exam_answer (id, text, image, is_correct, created_at, updated_at, disabled, question_id) VALUES (71, 'Comenzar', '', true, '2019-05-09 22:41:51.796382', '2019-05-09 22:41:51.796413', false, 16);
INSERT INTO public.exam_answer (id, text, image, is_correct, created_at, updated_at, disabled, question_id) VALUES (72, 'Encender', '', false, '2019-05-09 22:41:51.816768', '2019-05-09 22:41:51.816803', false, 16);
INSERT INTO public.exam_answer (id, text, image, is_correct, created_at, updated_at, disabled, question_id) VALUES (73, 'Agotar', '', false, '2019-05-09 22:41:51.832897', '2019-05-09 22:41:51.832937', false, 16);
INSERT INTO public.exam_answer (id, text, image, is_correct, created_at, updated_at, disabled, question_id) VALUES (74, 'Abrasar', '', false, '2019-05-09 22:41:51.852378', '2019-05-09 22:41:51.852412', false, 16);
INSERT INTO public.exam_answer (id, text, image, is_correct, created_at, updated_at, disabled, question_id) VALUES (75, 'Acierto', '', true, '2019-05-09 22:44:26.300934', '2019-05-09 22:44:26.300963', false, 17);
INSERT INTO public.exam_answer (id, text, image, is_correct, created_at, updated_at, disabled, question_id) VALUES (76, 'Azar', '', false, '2019-05-09 22:44:26.316470', '2019-05-09 22:44:26.316500', false, 17);
INSERT INTO public.exam_answer (id, text, image, is_correct, created_at, updated_at, disabled, question_id) VALUES (77, 'Errar', '', false, '2019-05-09 22:44:26.333194', '2019-05-09 22:44:26.333224', false, 17);
INSERT INTO public.exam_answer (id, text, image, is_correct, created_at, updated_at, disabled, question_id) VALUES (78, 'Causa', '', false, '2019-05-09 22:44:26.350214', '2019-05-09 22:44:26.350244', false, 17);
INSERT INTO public.exam_answer (id, text, image, is_correct, created_at, updated_at, disabled, question_id) VALUES (79, 'Despropósito', '', false, '2019-05-09 22:44:26.366563', '2019-05-09 22:44:26.366594', false, 17);
INSERT INTO public.exam_answer (id, text, image, is_correct, created_at, updated_at, disabled, question_id) VALUES (80, 'Consentir', '', false, '2019-05-09 22:45:14.806284', '2019-05-09 22:45:14.806312', false, 18);
INSERT INTO public.exam_answer (id, text, image, is_correct, created_at, updated_at, disabled, question_id) VALUES (81, 'Amedrentar', '', false, '2019-05-09 22:45:14.854643', '2019-05-09 22:45:14.854681', false, 18);
INSERT INTO public.exam_answer (id, text, image, is_correct, created_at, updated_at, disabled, question_id) VALUES (82, 'Temer', '', false, '2019-05-09 22:45:14.897295', '2019-05-09 22:45:14.897326', false, 18);
INSERT INTO public.exam_answer (id, text, image, is_correct, created_at, updated_at, disabled, question_id) VALUES (83, 'Burlarse', '', false, '2019-05-09 22:45:14.943427', '2019-05-09 22:45:14.943459', false, 18);
INSERT INTO public.exam_answer (id, text, image, is_correct, created_at, updated_at, disabled, question_id) VALUES (84, 'Atrever', '', true, '2019-05-09 22:45:14.964876', '2019-05-09 22:45:14.964907', false, 18);
INSERT INTO public.exam_answer (id, text, image, is_correct, created_at, updated_at, disabled, question_id) VALUES (85, 'Descortés', '', false, '2019-05-10 20:08:58.151766', '2019-05-10 20:08:58.151803', false, 19);
INSERT INTO public.exam_answer (id, text, image, is_correct, created_at, updated_at, disabled, question_id) VALUES (86, 'Elemental', '', false, '2019-05-10 20:08:58.180430', '2019-05-10 20:08:58.180487', false, 19);
INSERT INTO public.exam_answer (id, text, image, is_correct, created_at, updated_at, disabled, question_id) VALUES (87, 'Vago', '', false, '2019-05-10 20:08:58.199331', '2019-05-10 20:08:58.199372', false, 19);
INSERT INTO public.exam_answer (id, text, image, is_correct, created_at, updated_at, disabled, question_id) VALUES (88, 'Difícil', '', false, '2019-05-10 20:08:58.219268', '2019-05-10 20:08:58.219303', false, 19);
INSERT INTO public.exam_answer (id, text, image, is_correct, created_at, updated_at, disabled, question_id) VALUES (89, 'Sofisticado', '', true, '2019-05-10 20:08:58.241560', '2019-05-10 20:08:58.241620', false, 19);
INSERT INTO public.exam_answer (id, text, image, is_correct, created_at, updated_at, disabled, question_id) VALUES (90, 'Achicar', '', false, '2019-05-10 20:10:02.476244', '2019-05-10 20:10:02.476301', false, 20);
INSERT INTO public.exam_answer (id, text, image, is_correct, created_at, updated_at, disabled, question_id) VALUES (92, 'Casual', '', false, '2019-05-10 20:10:02.537451', '2019-05-10 20:10:02.537487', false, 20);
INSERT INTO public.exam_answer (id, text, image, is_correct, created_at, updated_at, disabled, question_id) VALUES (93, 'Accidental', '', false, '2019-05-10 20:10:02.565866', '2019-05-10 20:10:02.565920', false, 20);
INSERT INTO public.exam_answer (id, text, image, is_correct, created_at, updated_at, disabled, question_id) VALUES (91, 'Deliberado', '', true, '2019-05-10 20:10:02.505415', '2019-05-10 20:10:24.727546', false, 20);
INSERT INTO public.exam_answer (id, text, image, is_correct, created_at, updated_at, disabled, question_id) VALUES (94, 'Imprevisible', '', false, '2019-05-10 20:10:02.590950', '2019-05-10 20:10:24.748337', false, 20);
INSERT INTO public.exam_answer (id, text, image, is_correct, created_at, updated_at, disabled, question_id) VALUES (99, '300 nadadores', '', false, '2019-05-10 20:19:09.415138', '2019-05-10 20:19:09.415174', false, 22);
INSERT INTO public.exam_answer (id, text, image, is_correct, created_at, updated_at, disabled, question_id) VALUES (100, '200 nadadores', '', false, '2019-05-10 20:19:09.436373', '2019-05-10 20:19:09.436408', false, 22);
INSERT INTO public.exam_answer (id, text, image, is_correct, created_at, updated_at, disabled, question_id) VALUES (101, '340 nadadores', '', true, '2019-05-10 20:19:09.456313', '2019-05-10 20:19:09.456349', false, 22);
INSERT INTO public.exam_answer (id, text, image, is_correct, created_at, updated_at, disabled, question_id) VALUES (102, '360 nadadores', '', false, '2019-05-10 20:19:09.477856', '2019-05-10 20:19:09.477893', false, 22);
INSERT INTO public.exam_answer (id, text, image, is_correct, created_at, updated_at, disabled, question_id) VALUES (103, '75%', '', false, '2019-05-10 20:20:50.842301', '2019-05-10 20:20:50.842336', false, 23);
INSERT INTO public.exam_answer (id, text, image, is_correct, created_at, updated_at, disabled, question_id) VALUES (104, '66.666%', '', true, '2019-05-10 20:20:50.863609', '2019-05-10 20:20:50.863652', false, 23);
INSERT INTO public.exam_answer (id, text, image, is_correct, created_at, updated_at, disabled, question_id) VALUES (105, '80%', '', false, '2019-05-10 20:20:50.885821', '2019-05-10 20:20:50.885872', false, 23);
INSERT INTO public.exam_answer (id, text, image, is_correct, created_at, updated_at, disabled, question_id) VALUES (106, '23%', '', false, '2019-05-10 20:20:50.911852', '2019-05-10 20:20:50.911907', false, 23);
INSERT INTO public.exam_answer (id, text, image, is_correct, created_at, updated_at, disabled, question_id) VALUES (107, '21 obreros', '', true, '2019-05-10 20:21:31.429038', '2019-05-10 20:21:31.429077', false, 24);
INSERT INTO public.exam_answer (id, text, image, is_correct, created_at, updated_at, disabled, question_id) VALUES (108, '24 obreros', '', false, '2019-05-10 20:21:31.469198', '2019-05-10 20:21:31.469235', false, 24);
INSERT INTO public.exam_answer (id, text, image, is_correct, created_at, updated_at, disabled, question_id) VALUES (109, '14 obreros', '', false, '2019-05-10 20:21:31.517224', '2019-05-10 20:21:31.517262', false, 24);
INSERT INTO public.exam_answer (id, text, image, is_correct, created_at, updated_at, disabled, question_id) VALUES (110, '13 obreros', '', false, '2019-05-10 20:21:31.559095', '2019-05-10 20:21:31.559130', false, 24);
INSERT INTO public.exam_answer (id, text, image, is_correct, created_at, updated_at, disabled, question_id) VALUES (111, '13', '', true, '2019-05-10 20:22:14.414461', '2019-05-10 20:22:14.414572', false, 25);
INSERT INTO public.exam_answer (id, text, image, is_correct, created_at, updated_at, disabled, question_id) VALUES (112, '10', '', false, '2019-05-10 20:22:14.437060', '2019-05-10 20:22:14.437137', false, 25);
INSERT INTO public.exam_answer (id, text, image, is_correct, created_at, updated_at, disabled, question_id) VALUES (113, '28', '', false, '2019-05-10 20:22:14.456679', '2019-05-10 20:22:14.456749', false, 25);
INSERT INTO public.exam_answer (id, text, image, is_correct, created_at, updated_at, disabled, question_id) VALUES (114, '12', '', false, '2019-05-10 20:22:14.476707', '2019-05-10 20:22:14.476764', false, 25);
INSERT INTO public.exam_answer (id, text, image, is_correct, created_at, updated_at, disabled, question_id) VALUES (115, '30', '', false, '2019-05-10 20:22:52.896296', '2019-05-10 20:22:52.896332', false, 26);
INSERT INTO public.exam_answer (id, text, image, is_correct, created_at, updated_at, disabled, question_id) VALUES (116, '10', '', true, '2019-05-10 20:22:52.915922', '2019-05-10 20:22:52.915958', false, 26);
INSERT INTO public.exam_answer (id, text, image, is_correct, created_at, updated_at, disabled, question_id) VALUES (117, '28', '', false, '2019-05-10 20:22:52.941620', '2019-05-10 20:22:52.941657', false, 26);
INSERT INTO public.exam_answer (id, text, image, is_correct, created_at, updated_at, disabled, question_id) VALUES (118, '12', '', false, '2019-05-10 20:22:52.964282', '2019-05-10 20:22:52.964334', false, 26);
INSERT INTO public.exam_answer (id, text, image, is_correct, created_at, updated_at, disabled, question_id) VALUES (119, '30', '', false, '2019-05-10 20:23:27.609603', '2019-05-10 20:23:27.609663', false, 27);
INSERT INTO public.exam_answer (id, text, image, is_correct, created_at, updated_at, disabled, question_id) VALUES (120, '42', '', false, '2019-05-10 20:23:27.638887', '2019-05-10 20:23:27.638922', false, 27);
INSERT INTO public.exam_answer (id, text, image, is_correct, created_at, updated_at, disabled, question_id) VALUES (121, '39', '', true, '2019-05-10 20:23:27.659854', '2019-05-10 20:23:27.659912', false, 27);
INSERT INTO public.exam_answer (id, text, image, is_correct, created_at, updated_at, disabled, question_id) VALUES (122, '37', '', false, '2019-05-10 20:23:27.686147', '2019-05-10 20:23:27.686207', false, 27);
INSERT INTO public.exam_answer (id, text, image, is_correct, created_at, updated_at, disabled, question_id) VALUES (123, '302', '', false, '2019-05-10 20:23:56.530214', '2019-05-10 20:23:56.530268', false, 28);
INSERT INTO public.exam_answer (id, text, image, is_correct, created_at, updated_at, disabled, question_id) VALUES (124, '412', '', false, '2019-05-10 20:23:56.560636', '2019-05-10 20:23:56.560706', false, 28);
INSERT INTO public.exam_answer (id, text, image, is_correct, created_at, updated_at, disabled, question_id) VALUES (125, '390', '', false, '2019-05-10 20:23:56.620094', '2019-05-10 20:23:56.620242', false, 28);
INSERT INTO public.exam_answer (id, text, image, is_correct, created_at, updated_at, disabled, question_id) VALUES (126, '210', '', true, '2019-05-10 20:23:56.661885', '2019-05-10 20:23:56.661944', false, 28);
INSERT INTO public.exam_answer (id, text, image, is_correct, created_at, updated_at, disabled, question_id) VALUES (133, '$(m+6) (m+6)$', '', true, '2019-05-10 20:30:48.521192', '2019-05-13 16:17:21.533976', false, 30);
INSERT INTO public.exam_answer (id, text, image, is_correct, created_at, updated_at, disabled, question_id) VALUES (95, '$11,500.00', '', false, '2019-05-10 20:16:30.527068', '2019-05-13 18:46:02.437801', false, 21);
INSERT INTO public.exam_answer (id, text, image, is_correct, created_at, updated_at, disabled, question_id) VALUES (96, '$8,902.00', '', false, '2019-05-10 20:16:30.547582', '2019-05-13 18:46:02.460408', false, 21);
INSERT INTO public.exam_answer (id, text, image, is_correct, created_at, updated_at, disabled, question_id) VALUES (127, '$ \frac{270}{b-c} $', '', false, '2019-05-10 20:24:53.412235', '2019-05-10 20:28:13.375480', false, 29);
INSERT INTO public.exam_answer (id, text, image, is_correct, created_at, updated_at, disabled, question_id) VALUES (128, '$ \frac{300}{b+c} $', '', true, '2019-05-10 20:24:53.432901', '2019-05-10 20:29:07.067549', false, 29);
INSERT INTO public.exam_answer (id, text, image, is_correct, created_at, updated_at, disabled, question_id) VALUES (129, '$ \frac{300}{c-b} $', '', false, '2019-05-10 20:24:53.451316', '2019-05-10 20:29:07.086698', false, 29);
INSERT INTO public.exam_answer (id, text, image, is_correct, created_at, updated_at, disabled, question_id) VALUES (130, '$ \frac{270}{b+c} $', '', false, '2019-05-10 20:24:53.472103', '2019-05-10 20:29:07.106124', false, 29);
INSERT INTO public.exam_answer (id, text, image, is_correct, created_at, updated_at, disabled, question_id) VALUES (131, '$(m+6) (m-6)$', '', false, '2019-05-10 20:30:48.461157', '2019-05-10 20:30:48.461193', false, 30);
INSERT INTO public.exam_answer (id, text, image, is_correct, created_at, updated_at, disabled, question_id) VALUES (132, '$(m+6) (m+2)$', '', false, '2019-05-10 20:30:48.492074', '2019-05-10 20:30:48.492123', false, 30);
INSERT INTO public.exam_answer (id, text, image, is_correct, created_at, updated_at, disabled, question_id) VALUES (134, '$(m+6) (m-6)$', '', false, '2019-05-10 20:30:48.550154', '2019-05-10 20:30:48.550189', false, 30);
INSERT INTO public.exam_answer (id, text, image, is_correct, created_at, updated_at, disabled, question_id) VALUES (135, '20 cm', '', true, '2019-05-13 15:54:12.588008', '2019-05-13 15:54:12.588037', false, 31);
INSERT INTO public.exam_answer (id, text, image, is_correct, created_at, updated_at, disabled, question_id) VALUES (136, '40 cm', '', false, '2019-05-13 15:54:12.608057', '2019-05-13 15:54:12.608090', false, 31);
INSERT INTO public.exam_answer (id, text, image, is_correct, created_at, updated_at, disabled, question_id) VALUES (137, '10 cm', '', false, '2019-05-13 15:54:12.627484', '2019-05-13 15:54:12.627556', false, 31);
INSERT INTO public.exam_answer (id, text, image, is_correct, created_at, updated_at, disabled, question_id) VALUES (138, '30 cm', '', false, '2019-05-13 15:54:12.643745', '2019-05-13 15:54:12.643775', false, 31);
INSERT INTO public.exam_answer (id, text, image, is_correct, created_at, updated_at, disabled, question_id) VALUES (139, '$x= 7; y= 6$', '', false, '2019-05-13 16:02:08.252187', '2019-05-13 16:02:08.252218', false, 32);
INSERT INTO public.exam_answer (id, text, image, is_correct, created_at, updated_at, disabled, question_id) VALUES (140, '$x= 8; y= 8$', '', false, '2019-05-13 16:02:08.271655', '2019-05-13 16:02:08.271690', false, 32);
INSERT INTO public.exam_answer (id, text, image, is_correct, created_at, updated_at, disabled, question_id) VALUES (141, '$x= 7; y= 7$', '', false, '2019-05-13 16:02:08.289625', '2019-05-13 16:02:08.289654', false, 32);
INSERT INTO public.exam_answer (id, text, image, is_correct, created_at, updated_at, disabled, question_id) VALUES (142, '$x= 7; y= 8$', '', true, '2019-05-13 16:02:08.306579', '2019-05-13 16:02:08.306609', false, 32);
INSERT INTO public.exam_answer (id, text, image, is_correct, created_at, updated_at, disabled, question_id) VALUES (143, '7', '', true, '2019-05-13 16:03:51.678470', '2019-05-13 16:03:51.678518', false, 33);
INSERT INTO public.exam_answer (id, text, image, is_correct, created_at, updated_at, disabled, question_id) VALUES (144, '14', '', false, '2019-05-13 16:03:51.696197', '2019-05-13 16:03:51.696232', false, 33);
INSERT INTO public.exam_answer (id, text, image, is_correct, created_at, updated_at, disabled, question_id) VALUES (145, '21', '', false, '2019-05-13 16:03:51.717174', '2019-05-13 16:03:51.717211', false, 33);
INSERT INTO public.exam_answer (id, text, image, is_correct, created_at, updated_at, disabled, question_id) VALUES (146, '2058', '', false, '2019-05-13 16:03:51.737060', '2019-05-13 16:03:51.737107', false, 33);
INSERT INTO public.exam_answer (id, text, image, is_correct, created_at, updated_at, disabled, question_id) VALUES (147, '770', '', true, '2019-05-13 16:05:01.917107', '2019-05-13 16:05:01.917139', false, 34);
INSERT INTO public.exam_answer (id, text, image, is_correct, created_at, updated_at, disabled, question_id) VALUES (148, '378', '', false, '2019-05-13 16:05:01.932692', '2019-05-13 16:05:01.932726', false, 34);
INSERT INTO public.exam_answer (id, text, image, is_correct, created_at, updated_at, disabled, question_id) VALUES (149, '443', '', false, '2019-05-13 16:05:01.950284', '2019-05-13 16:05:01.950315', false, 34);
INSERT INTO public.exam_answer (id, text, image, is_correct, created_at, updated_at, disabled, question_id) VALUES (150, '381', '', false, '2019-05-13 16:05:01.968256', '2019-05-13 16:05:01.968286', false, 34);
INSERT INTO public.exam_answer (id, text, image, is_correct, created_at, updated_at, disabled, question_id) VALUES (151, '3,578.278', '', false, '2019-05-13 16:05:43.976901', '2019-05-13 16:05:43.977068', false, 35);
INSERT INTO public.exam_answer (id, text, image, is_correct, created_at, updated_at, disabled, question_id) VALUES (152, '2,685.619', '', true, '2019-05-13 16:05:43.993125', '2019-05-13 16:05:43.993154', false, 35);
INSERT INTO public.exam_answer (id, text, image, is_correct, created_at, updated_at, disabled, question_id) VALUES (153, '2,378.78', '', false, '2019-05-13 16:05:44.012137', '2019-05-13 16:05:44.012171', false, 35);
INSERT INTO public.exam_answer (id, text, image, is_correct, created_at, updated_at, disabled, question_id) VALUES (154, '4,567.89', '', false, '2019-05-13 16:05:44.030513', '2019-05-13 16:05:44.030544', false, 35);
INSERT INTO public.exam_answer (id, text, image, is_correct, created_at, updated_at, disabled, question_id) VALUES (155, '28', '', false, '2019-05-13 16:07:09.071345', '2019-05-13 16:07:09.071375', false, 36);
INSERT INTO public.exam_answer (id, text, image, is_correct, created_at, updated_at, disabled, question_id) VALUES (156, '34', '', false, '2019-05-13 16:07:09.089151', '2019-05-13 16:07:09.089180', false, 36);
INSERT INTO public.exam_answer (id, text, image, is_correct, created_at, updated_at, disabled, question_id) VALUES (157, '7', '', false, '2019-05-13 16:07:09.107366', '2019-05-13 16:07:09.107397', false, 36);
INSERT INTO public.exam_answer (id, text, image, is_correct, created_at, updated_at, disabled, question_id) VALUES (158, '30', '', true, '2019-05-13 16:07:09.125897', '2019-05-13 16:07:09.125926', false, 36);
INSERT INTO public.exam_answer (id, text, image, is_correct, created_at, updated_at, disabled, question_id) VALUES (159, '(30 años, 54 años)', '', true, '2019-05-13 16:08:04.227625', '2019-05-13 16:08:04.227654', false, 37);
INSERT INTO public.exam_answer (id, text, image, is_correct, created_at, updated_at, disabled, question_id) VALUES (160, '(31 años, 53 años)', '', false, '2019-05-13 16:08:04.244569', '2019-05-13 16:08:04.244598', false, 37);
INSERT INTO public.exam_answer (id, text, image, is_correct, created_at, updated_at, disabled, question_id) VALUES (161, '(29 años, 55 años)', '', false, '2019-05-13 16:08:04.262099', '2019-05-13 16:08:04.262129', false, 37);
INSERT INTO public.exam_answer (id, text, image, is_correct, created_at, updated_at, disabled, question_id) VALUES (162, '(28 años, 54 años)', '', false, '2019-05-13 16:08:04.277472', '2019-05-13 16:08:04.277500', false, 37);
INSERT INTO public.exam_answer (id, text, image, is_correct, created_at, updated_at, disabled, question_id) VALUES (163, '(6/6)', '', false, '2019-05-13 16:08:40.880779', '2019-05-13 16:08:40.880808', false, 38);
INSERT INTO public.exam_answer (id, text, image, is_correct, created_at, updated_at, disabled, question_id) VALUES (164, '(7/6)', '', true, '2019-05-13 16:08:40.898325', '2019-05-13 16:08:40.898353', false, 38);
INSERT INTO public.exam_answer (id, text, image, is_correct, created_at, updated_at, disabled, question_id) VALUES (165, '(7/7)', '', false, '2019-05-13 16:08:40.916097', '2019-05-13 16:08:40.916143', false, 38);
INSERT INTO public.exam_answer (id, text, image, is_correct, created_at, updated_at, disabled, question_id) VALUES (166, '(8/6)', '', false, '2019-05-13 16:08:40.932633', '2019-05-13 16:08:40.932662', false, 38);
INSERT INTO public.exam_answer (id, text, image, is_correct, created_at, updated_at, disabled, question_id) VALUES (167, '3 huevos', '', true, '2019-05-13 16:09:25.883873', '2019-05-13 16:09:25.883984', false, 39);
INSERT INTO public.exam_answer (id, text, image, is_correct, created_at, updated_at, disabled, question_id) VALUES (168, '4 huevos', '', false, '2019-05-13 16:09:25.920474', '2019-05-13 16:09:25.920587', false, 39);
INSERT INTO public.exam_answer (id, text, image, is_correct, created_at, updated_at, disabled, question_id) VALUES (169, '5 huevos', '', false, '2019-05-13 16:09:25.949554', '2019-05-13 16:09:25.949585', false, 39);
INSERT INTO public.exam_answer (id, text, image, is_correct, created_at, updated_at, disabled, question_id) VALUES (170, '7 huevos', '', false, '2019-05-13 16:09:25.995139', '2019-05-13 16:09:25.995173', false, 39);
INSERT INTO public.exam_answer (id, text, image, is_correct, created_at, updated_at, disabled, question_id) VALUES (171, '50 euros', '', false, '2019-05-13 16:10:01.540716', '2019-05-13 16:10:01.540746', false, 40);
INSERT INTO public.exam_answer (id, text, image, is_correct, created_at, updated_at, disabled, question_id) VALUES (172, '30 euros', '', false, '2019-05-13 16:10:01.558953', '2019-05-13 16:10:01.558982', false, 40);
INSERT INTO public.exam_answer (id, text, image, is_correct, created_at, updated_at, disabled, question_id) VALUES (173, '45 euros', '', false, '2019-05-13 16:10:01.577774', '2019-05-13 16:10:01.577804', false, 40);
INSERT INTO public.exam_answer (id, text, image, is_correct, created_at, updated_at, disabled, question_id) VALUES (174, '35 euros', '', true, '2019-05-13 16:10:01.592447', '2019-05-13 16:10:01.592476', false, 40);
INSERT INTO public.exam_answer (id, text, image, is_correct, created_at, updated_at, disabled, question_id) VALUES (98, '$10,560.00', '', true, '2019-05-10 20:16:30.588436', '2019-05-13 18:46:02.482544', false, 21);
INSERT INTO public.exam_answer (id, text, image, is_correct, created_at, updated_at, disabled, question_id) VALUES (97, '$10,579.00', '', false, '2019-05-10 20:16:30.567067', '2019-05-13 18:55:01.052244', false, 21);

-- Settings
INSERT INTO public.exam_settings (id, minutes_to_finish, created_at, updated_at, disabled, current_exam_id) VALUES (1, 120, '2019-05-14 16:27:44.566618', '2019-05-14 16:27:44.566649', false, 1);

-- Update indexes
SELECT setval('exam_answer_id_seq', (SELECT MAX(id) FROM exam_answer)+1);
SELECT setval('exam_exam_id_seq', (SELECT MAX(id) FROM exam_exam)+1);
SELECT setval('exam_question_id_seq', (SELECT MAX(id) FROM exam_question)+1);
SELECT setval('exam_section_id_seq', (SELECT MAX(id) FROM exam_section)+1);
SELECT setval('exam_subject_id_seq', (SELECT MAX(id) FROM exam_subject)+1);
SELECT setval('exam_settings_id_seq', (SELECT MAX(id) FROM exam_settings)+1);